{
  "_fv": 57,
  "_type": "gui",
  "definition": {
    "type": 1,
    "width": 176,
    "height": 166,
    "inventoryOffsetX": 0,
    "inventoryOffsetY": 0,
    "renderBgLayer": true,
    "doesPauseGame": false,
    "components": [
      {
        "type": "label",
        "data": {
          "name": "label_inventory",
          "text": {
            "fixedValue": "Inventory"
          },
          "color": {
            "value": -10066330,
            "falpha": 0.0
          },
          "x": 134,
          "y": 109
        }
      },
      {
        "type": "label",
        "data": {
          "name": "label_enriching_table",
          "text": {
            "fixedValue": "Enriching Table"
          },
          "color": {
            "value": -10066330,
            "falpha": 0.0
          },
          "x": 168,
          "y": 43
        }
      },
      {
        "type": "inputslot",
        "data": {
          "inputLimit": {
            "value": "Items.BLAZE_ROD"
          },
          "disablePlacement": {
            "fixedValue": false
          },
          "id": 0,
          "disablePickup": {
            "fixedValue": false
          },
          "dropItemsWhenNotBound": true,
          "x": 168,
          "y": 89
        }
      },
      {
        "type": "inputslot",
        "data": {
          "inputLimit": {
            "value": "CUSTOM:RawUranium"
          },
          "disablePlacement": {
            "fixedValue": false
          },
          "id": 1,
          "disablePickup": {
            "fixedValue": false
          },
          "dropItemsWhenNotBound": true,
          "x": 168,
          "y": 53
        }
      },
      {
        "type": "outputslot",
        "data": {
          "id": 2,
          "disablePickup": {
            "fixedValue": false
          },
          "dropItemsWhenNotBound": true,
          "x": 240,
          "y": 53
        }
      },
      {
        "type": "image",
        "data": {
          "image": "enriching_icon.png",
          "use1Xscale": false,
          "x": 204,
          "y": 71
        }
      },
      {
        "type": "outputslot",
        "data": {
          "id": 3,
          "disablePickup": {
            "fixedValue": false
          },
          "dropItemsWhenNotBound": true,
          "x": 240,
          "y": 89
        }
      }
    ],
    "gridSettings": {
      "sx": 18,
      "sy": 18,
      "ox": 11,
      "oy": 15,
      "snapOnGrid": true
    }
  }
}