{
  "_fv": 47,
  "_type": "armor",
  "definition": {
    "enableHelmet": true,
    "textureHelmet": "depleted_uranium_helmet",
    "enableBody": true,
    "textureBody": "depleted_uranium_chestplate",
    "enableLeggings": true,
    "textureLeggings": "depleted_uranium_leggings",
    "enableBoots": true,
    "textureBoots": "depleted_uranium_boots",
    "creativeTab": {
      "value": "COMBAT"
    },
    "armorTextureFile": "depleted_uranium",
    "helmetName": "Depleted Uranium Helmet",
    "bodyName": "Depleted Uranium Chestplate",
    "leggingsName": "Depleted Uranium Leggings",
    "bootsName": "Depleted Uranium Boots",
    "helmetSpecialInfo": [],
    "bodySpecialInfo": [],
    "leggingsSpecialInfo": [],
    "bootsSpecialInfo": [],
    "helmetModelName": "Default",
    "helmetModelPart": "Helmet",
    "helmetModelTexture": "From armor",
    "bodyModelName": "Default",
    "bodyModelPart": "Body",
    "armsModelPartL": "Arms L",
    "armsModelPartR": "Arms R",
    "bodyModelTexture": "From armor",
    "leggingsModelName": "Default",
    "leggingsModelPartL": "Leggings L",
    "leggingsModelPartR": "Leggings R",
    "leggingsModelTexture": "From armor",
    "bootsModelName": "Default",
    "bootsModelPartL": "Boots L",
    "bootsModelPartR": "Boots R",
    "bootsModelTexture": "From armor",
    "helmetItemRenderType": 0,
    "helmetItemCustomModelName": "Normal",
    "bodyItemRenderType": 0,
    "bodyItemCustomModelName": "Normal",
    "leggingsItemRenderType": 0,
    "leggingsItemCustomModelName": "Normal",
    "bootsItemRenderType": 0,
    "bootsItemCustomModelName": "Normal",
    "helmetImmuneToFire": true,
    "bodyImmuneToFire": true,
    "leggingsImmuneToFire": true,
    "bootsImmuneToFire": true,
    "maxDamage": 100,
    "damageValueHelmet": 5,
    "damageValueBody": 8,
    "damageValueLeggings": 7,
    "damageValueBoots": 4,
    "enchantability": 25,
    "toughness": 4.0,
    "knockbackResistance": 0.5,
    "equipSound": {
      "value": "item.armor.equip_netherite"
    },
    "repairItems": []
  }
}