{
  "_fv": 47,
  "_type": "recipe",
  "definition": {
    "recipeType": "Crafting",
    "recipeRetstackSize": 1,
    "group": "",
    "cookingBookCategory": "MISC",
    "xpReward": 0.0,
    "cookingTime": 200,
    "craftingBookCategory": "BUILDING",
    "recipeShapeless": false,
    "recipeSlots": [
      {
        "value": "CUSTOM:RawUranium"
      },
      {
        "value": "Blocks.NETHERITE_BLOCK"
      },
      {
        "value": "CUSTOM:RawUranium"
      },
      {
        "value": "Blocks.NETHERITE_BLOCK"
      },
      {
        "value": "Blocks.IRON_BLOCK"
      },
      {
        "value": "Blocks.NETHERITE_BLOCK"
      },
      {
        "value": "CUSTOM:RawUranium"
      },
      {
        "value": "Blocks.NETHERITE_BLOCK"
      },
      {
        "value": "CUSTOM:RawUranium"
      }
    ],
    "recipeReturnStack": {
      "value": "CUSTOM:EnrichingTable"
    },
    "name": "enriching_table_crafting",
    "namespace": "mod"
  }
}