{
  "_fv": 47,
  "_type": "recipe",
  "definition": {
    "recipeType": "Crafting",
    "recipeRetstackSize": 1,
    "group": "",
    "cookingBookCategory": "MISC",
    "xpReward": 0.0,
    "cookingTime": 200,
    "craftingBookCategory": "REDSTONE",
    "recipeShapeless": false,
    "recipeSlots": [
      {
        "value": "CUSTOM:EnrichedUranium"
      },
      {
        "value": "CUSTOM:EnrichedUranium"
      },
      {
        "value": "CUSTOM:EnrichedUranium"
      },
      {
        "value": "CUSTOM:EnrichedUranium"
      },
      {
        "value": "Blocks.REDSTONE_BLOCK"
      },
      {
        "value": "CUSTOM:EnrichedUranium"
      },
      {
        "value": "CUSTOM:EnrichedUranium"
      },
      {
        "value": "CUSTOM:EnrichedUranium"
      },
      {
        "value": "CUSTOM:EnrichedUranium"
      }
    ],
    "recipeReturnStack": {
      "value": "CUSTOM:NuclearBombCore"
    },
    "name": "nuclear_bomb_core_crafting",
    "namespace": "mod"
  }
}